{
  "bolusiob": 0, 
  "iob": 0.16692278690666648, 
  "activity": 0.015839858906525568
}