{
  "bolusiob": 0, 
  "iob": 0.06384898188888884, 
  "activity": 0.015500035273368597
}