{
  "bolusiob": 0.2754941152, 
  "iob": 2.2086195701333335, 
  "activity": 0.05632380952380952
}