{
  "bolusiob": 2.9169625884444446, 
  "iob": 5.256600444787778, 
  "activity": 0.049116578483245146
}