{
  "bolusiob": 0, 
  "iob": 0.9802414848000001, 
  "activity": 0.029883597883597873
}