{
  "bolusiob": 0, 
  "iob": 0.7784254142500001, 
  "activity": 0.0006111111111111151
}