{
  "bolusiob": 0, 
  "iob": 0.17000881812, 
  "activity": 0.005933333333333332
}