{
  "bolusiob": -0.000137047893333353, 
  "iob": 0.33703258869333336, 
  "activity": 0.007768606701940035
}