{
  "bolusiob": 1.482401746506667, 
  "iob": 2.345990819203333, 
  "activity": 0.028820458553791877
}