{
  "bolusiob": 3.2188968172800005, 
  "iob": 6.72943406322, 
  "activity": 0.02277555555555555
}