{
  "bolusiob": 0, 
  "iob": 0.2494921852693059, 
  "activity": 0.00011010123456790124
}