{
  "bolusiob": 0, 
  "iob": 0.20055425617333283, 
  "activity": 0.018864902998236316
}