{
  "bolusiob": 0, 
  "iob": 1.1988780777600003, 
  "activity": 0.02982222222222222
}