{
  "bolusiob": 0.0019421977599998641, 
  "iob": 0.36034438144000003, 
  "activity": 0.008025396825396824
}