{
  "bolusiob": 1.2234013973866669, 
  "iob": 3.4170197657287633, 
  "activity": 0.03447013589065256
}