{
  "bolusiob": 0, 
  "iob": 1.11114243121, 
  "activity": 0.022855485008818337
}