{
  "bolusiob": 0, 
  "iob": 0.9520611263900003, 
  "activity": 0.02667354497354497
}