{
  "bolusiob": 0, 
  "iob": 0.6043725323900001, 
  "activity": 0.02143544973544973
}