{
  "bolusiob": 0, 
  "iob": 2.47937110844, 
  "activity": 0.061559788359788356
}