{
  "bolusiob": 1.8273872209999997, 
  "iob": 2.9087540423333333, 
  "activity": 0.01837407407407407
}