{
  "bolusiob": 0, 
  "iob": 1.1467263155733325, 
  "activity": 0.053694532627865936
}