{
  "bolusiob": 1.9793398199999999, 
  "iob": 4.81243278, 
  "activity": 0.04377777777777777
}