{
  "bolusiob": 0, 
  "iob": 0.20838168126888884, 
  "activity": 0.003964391534391534
}