{
  "bolusiob": 0.007271842133333095, 
  "iob": 1.7848321338666666, 
  "activity": 0.03994356261022927
}