{
  "bolusiob": 0, 
  "iob": 0.43348075199000013, 
  "activity": 0.01829259259259259
}