{
  "bolusiob": 0.22913155584000017, 
  "iob": 1.99520762496, 
  "activity": 0.03451555555555554
}