{
  "bolusiob": 0, 
  "iob": 0.12019685010666646, 
  "activity": 0.017429276895943556
}