{
  "bolusiob": 0, 
  "iob": 1.6831662536261889, 
  "activity": 0.014135503262786595
}