{
  "bolusiob": 1.8651227106133335, 
  "iob": 3.9033737096533336, 
  "activity": 0.03723851851851852
}