{
  "bolusiob": 0, 
  "iob": 2.286896409291119, 
  "activity": 0.021474234285714298
}