{
  "bolusiob": 3.2493782127644444, 
  "iob": 4.1121914156604795, 
  "activity": 0.021013855555555554
}