{
  "bolusiob": 0, 
  "iob": 0.08909338943999938, 
  "activity": 0.008799999999999992
}