{
  "bolusiob": 0, 
  "iob": -0.062051450360000024, 
  "activity": -0.0016708994708994709
}