{
  "bolusiob": 0.3100308898133332, 
  "iob": 2.6666249295644446, 
  "activity": 0.04593382716049382
}