{
  "bolusiob": 1.937527022222222, 
  "iob": 3.6767313012222225, 
  "activity": 0.057716049382716045
}