{
  "bolusiob": 2.383548092, 
  "iob": 4.57309900425, 
  "activity": 0.06405820105820105
}