{
  "bolusiob": 0, 
  "iob": 0.5449157477500002, 
  "activity": 0.020399470899470893
}