{
  "bolusiob": 6.542811261937777, 
  "iob": 6.722962290151111, 
  "activity": 0.010191604938271603
}