{
  "bolusiob": 1.7410347301333335, 
  "iob": 3.378015348088889, 
  "activity": 0.025708641975308637
}