{
  "bolusiob": 0, 
  "iob": 0.400860267346667, 
  "activity": 0.035674779541446204
}