{
  "bolusiob": 0.9651728549999998, 
  "iob": 2.29737341132, 
  "activity": 0.03888518518518517
}