{
  "bolusiob": 1.5753675440000003, 
  "iob": 4.460615898453334, 
  "activity": 0.07094391534391532
}