{
  "bolusiob": 0.014813096999999886, 
  "iob": 1.8129742378585076, 
  "activity": 0.029133425996472645
}