{
  "bolusiob": 0, 
  "iob": 1.4794379551000003, 
  "activity": 0.04523864197530863
}