{
  "bolusiob": 0, 
  "iob": 1.11407070775, 
  "activity": 0.028780423280423278
}