{
  "bolusiob": 0.6256066666666665, 
  "iob": 2.6726155777777776, 
  "activity": 0.0342469135802469
}