{
  "bolusiob": -0.0003312951466666103, 
  "iob": 1.17437027465, 
  "activity": 0.02588994708994708
}