{
  "bolusiob": 2.9876293333333335, 
  "iob": 3.2711727368333325, 
  "activity": 0.01748677248677248
}