{
  "bolusiob": 0, 
  "iob": 1.996015166906667, 
  "activity": 0.050725679012345676
}