{
  "bolusiob": 0, 
  "iob": 2.3302924308933335, 
  "activity": 0.05973686067019399
}