{
  "bolusiob": 0, 
  "iob": 2.1404053730269106, 
  "activity": 0.021270755590828937
}