{
  "bolusiob": 0, 
  "iob": -0.6686267358059348, 
  "activity": -0.002253814726631393
}