{
  "bolusiob": 1.014821175, 
  "iob": 2.4417197529799997, 
  "activity": 0.04304936507936506
}