{
  "bolusiob": 0, 
  "iob": 0.22308050976750002, 
  "activity": -0.10372499999999994
}