{
  "bolusiob": 0, 
  "iob": 0.6006395326799998, 
  "activity": -0.01083703703703705
}