{
  "bolusiob": 0, 
  "iob": 2.032256837911918, 
  "activity": 0.02111867873015874
}