{
  "bolusiob": 0, 
  "iob": -0.21433894003553414, 
  "activity": -0.0009743835626102289
}