{
  "bolusiob": 2.8764318950399996, 
  "iob": 3.220369062593333, 
  "activity": 0.01736881834215167
}