{
  "bolusiob": 1.4356210786133337, 
  "iob": 3.522816448030711, 
  "activity": 0.03265728350970018
}