{
  "bolusiob": 0, 
  "iob": 0.929130530611363, 
  "activity": 0.022675353597883596
}