{
  "bolusiob": 0, 
  "iob": 0.6256118751859064, 
  "activity": 0.018958904497354493
}