{
  "bolusiob": 0, 
  "iob": 0.051301892536666886, 
  "activity": 0.002709171075837742
}