{
  "bolusiob": 2.045933633333333, 
  "iob": 2.9653474583333335, 
  "activity": 0.016907407407407402
}