{
  "bolusiob": 0.0033115062000000917, 
  "iob": 2.0804276443081746, 
  "activity": 0.022005803544973522
}