{
  "bolusiob": 0.3680028569999999, 
  "iob": 1.9109199142500004, 
  "activity": 0.04247089947089945
}