{
  "bolusiob": 1.7184238506666671, 
  "iob": 4.611484815587778, 
  "activity": 0.05465273368606701
}