{
  "bolusiob": 0, 
  "iob": 0.26411390718666694, 
  "activity": 0.01965996472663139
}