{
  "bolusiob": 5.073311653759999, 
  "iob": 6.333002865439999, 
  "activity": 0.02825777777777777
}