{
  "bolusiob": 1.8509094507200003, 
  "iob": 3.6926931236800002, 
  "activity": 0.028779259259259258
}