{
  "bolusiob": 0, 
  "iob": 0.3140174559403164, 
  "activity": 0.01228694682539682
}