{
  "bolusiob": 0, 
  "iob": 1.0676121914666667, 
  "activity": 0.031139329805996464
}