{
  "bolusiob": 0, 
  "iob": -0.057370771500000015, 
  "activity": -0.0016084656084656083
}