{
  "bolusiob": 1.997691132666667, 
  "iob": 4.784969926337778, 
  "activity": 0.053219400352733676
}