{
  "bolusiob": 0, 
  "iob": 0.5451055322000453, 
  "activity": 0.0006422228395061729
}