{
  "bolusiob": 0, 
  "iob": 0.24538181763555547, 
  "activity": 0.018947231040564373
}