{
  "bolusiob": 0, 
  "iob": 0.013126352521990877, 
  "activity": 0.0017723976190476178
}