{
  "bolusiob": 0, 
  "iob": 0.11358780010666636, 
  "activity": 0.013420811287477958
}