{
  "bolusiob": 2.4692133808888888, 
  "iob": 4.960882735805557, 
  "activity": 0.06661199294532627
}