{
  "bolusiob": 3.4714047635911114, 
  "iob": 4.177112414624372, 
  "activity": 0.01947302363315696
}