{
  "bolusiob": 0.6436460756266668, 
  "iob": 2.0315929901455556, 
  "activity": 0.04451347442680775
}