{
  "bolusiob": 0, 
  "iob": 1.3137892341866666, 
  "activity": 0.06198377425044091
}