{
  "bolusiob": 0, 
  "iob": 0.9485657170644445, 
  "activity": 0.037775432098765424
}