{
  "bolusiob": 1.3177109725333334, 
  "iob": 2.10767501019, 
  "activity": 0.026079012345679012
}