{
  "bolusiob": 0, 
  "iob": 1.1450922115733335, 
  "activity": 0.04243104056437389
}