{
  "bolusiob": 3.7960687137777778, 
  "iob": 5.689698075137778, 
  "activity": 0.04502892416225749
}