{
  "bolusiob": 0.9403044352000001, 
  "iob": 3.0084658688, 
  "activity": 0.032829629629629625
}