{
  "bolusiob": 0, 
  "iob": 1.027093719426667, 
  "activity": 0.04028430335097001
}