{
  "bolusiob": 1.2563435725333334, 
  "iob": 2.03313816579, 
  "activity": 0.025158377425044086
}