{
  "bolusiob": 0, 
  "iob": 0.5716926003331364, 
  "activity": 0.017990650529100524
}