{
  "bolusiob": 0, 
  "iob": 0.6429637247422225, 
  "activity": 0.027836754850088182
}