{
  "bolusiob": 3.5290843937777776, 
  "iob": 5.549148270337778, 
  "activity": 0.04639400352733686
}