{
  "bolusiob": 0, 
  "iob": 0.17331384291208163, 
  "activity": 0.00809247742504409
}