{
  "bolusiob": 0, 
  "iob": -0.05277482070666668, 
  "activity": -0.0015446208112874778
}