{
  "bolusiob": 0.3875402011733333, 
  "iob": 2.451139490737778, 
  "activity": 0.03758716049382715
}