{
  "bolusiob": 4.44747827276, 
  "iob": 6.086074496689999, 
  "activity": 0.040941269841269834
}