{
  "bolusiob": 0, 
  "iob": 1.1731250747040227, 
  "activity": 0.013228100987654324
}