{
  "bolusiob": 0, 
  "iob": 1.5682439398666665, 
  "activity": 0.03750970017636684
}