{
  "bolusiob": 0, 
  "iob": 1.4033023999999998, 
  "activity": 0.04677248677248676
}