{
  "bolusiob": 0, 
  "iob": 1.5818222880533337, 
  "activity": 0.039561199294532626
}