{
  "bolusiob": 0, 
  "iob": 0.8018023595115152, 
  "activity": 0.02146351994708995
}