{
  "bolusiob": 1.1726341378400003, 
  "iob": 3.080992573413334, 
  "activity": 0.04653834215167548
}