{
  "bolusiob": 1.3440733333333332, 
  "iob": 3.027387941222222, 
  "activity": 0.05263668430335096
}