{
  "bolusiob": 2.1375080613333335, 
  "iob": 4.090170300333334, 
  "activity": 0.033448148148148144
}