{
  "bolusiob": 0, 
  "iob": 1.2709225162266669, 
  "activity": 0.04460176366843032
}