{
  "bolusiob": 0, 
  "iob": 0.7343952633600003, 
  "activity": 0.023536507936507932
}