{
  "bolusiob": 0, 
  "iob": 0.3430214541666671, 
  "activity": 0.020414462081128747
}