{
  "bolusiob": 3.2337253760000007, 
  "iob": 5.40368815469, 
  "activity": 0.04776666666666665
}