{
  "bolusiob": 0, 
  "iob": 1.4687311296533336, 
  "activity": 0.03816437389770723
}