{
  "bolusiob": 0.11461081266666673, 
  "iob": 2.7608754185933337, 
  "activity": 0.06406596119929453
}