{
  "bolusiob": 0.532650492666667, 
  "iob": 3.5431181487377783, 
  "activity": 0.06277495590828923
}