{
  "bolusiob": 0, 
  "iob": 0.01868430618666661, 
  "activity": 0.0029657848324514987
}