{
  "bolusiob": 0.28821848802666666, 
  "iob": 2.330934702284444, 
  "activity": 0.03928543209876542
}