{
  "bolusiob": 0.03669197700000015, 
  "iob": 1.7974032140514642, 
  "activity": 0.03204910645502643
}