{
  "bolusiob": 0, 
  "iob": 0.00604406337092327, 
  "activity": 0.0011198750440917094
}