{
  "bolusiob": 0, 
  "iob": -0.013978107960000145, 
  "activity": 0.01279012345679012
}