{
  "bolusiob": 0.7800661333333332, 
  "iob": 2.4390141812222224, 
  "activity": 0.04755731922398588
}