{
  "bolusiob": 0.35261416320000005, 
  "iob": 1.3418142251233334, 
  "activity": 0.02032892416225749
}