{
  "bolusiob": 0.035667728213333576, 
  "iob": 2.0013420785777782, 
  "activity": 0.04536444444444444
}