{
  "bolusiob": 0, 
  "iob": -0.001615233360000712, 
  "activity": 0.0020444444444444364
}