{
  "bolusiob": 0, 
  "iob": -0.35446582606741256, 
  "activity": -0.00112743
}