{
  "bolusiob": 0, 
  "iob": 0.8039504457600002, 
  "activity": 0.024584126984126983
}