{
  "bolusiob": 0, 
  "iob": 0.1950401408533332, 
  "activity": 0.017478024691358018
}