{
  "bolusiob": 0, 
  "iob": 0.006416043626666924, 
  "activity": 0.0063012345679012375
}