{
  "bolusiob": -0.0013367440000003339, 
  "iob": 4.037577536640001, 
  "activity": 0.10005502645502645
}