{
  "bolusiob": 0, 
  "iob": 1.3508243204564065, 
  "activity": 0.013650000246913575
}