{
  "bolusiob": 0, 
  "iob": 0.007359247573332906, 
  "activity": 0.0024987654320987596
}