{
  "bolusiob": 0, 
  "iob": 1.1283931795198798, 
  "activity": 0.041529461234567897
}