{
  "bolusiob": 0.9421153728, 
  "iob": 1.7622722032433338, 
  "activity": 0.02147072310405643
}