{
  "bolusiob": 0.011769303253333151, 
  "iob": 1.2307036113255552, 
  "activity": 0.027997389770723094
}