{
  "bolusiob": 1.1151958847999999, 
  "iob": 1.8919767160433332, 
  "activity": 0.023311992945326272
}