{
  "bolusiob": 0, 
  "iob": 0.0008634444075001579, 
  "activity": -0.164925
}