{
  "bolusiob": 0, 
  "iob": 0.044150030083332965, 
  "activity": 0.0010537918871252171
}