{
  "bolusiob": 0, 
  "iob": 0.49230975674222255, 
  "activity": 0.02486532627865961
}