{
  "bolusiob": 1.2542940160000005, 
  "iob": 4.276345179890001, 
  "activity": 0.05732222222222221
}