{
  "bolusiob": 0.4965082382000001, 
  "iob": 1.4678715781333334, 
  "activity": 0.019802645502645495
}