{
  "bolusiob": 0, 
  "iob": 0.010101917760000122, 
  "activity": 0.00363174603174603
}