{
  "bolusiob": 0, 
  "iob": 0.7148262332979367, 
  "activity": 0.015258255449735447
}