{
  "bolusiob": 0, 
  "iob": 1.409604618903597, 
  "activity": 0.01371658469135802
}