{
  "bolusiob": 0, 
  "iob": 0.27279056269333335, 
  "activity": 0.007010934744268078
}