{
  "bolusiob": -0.0010985975466663688, 
  "iob": 2.352180387946667, 
  "activity": 0.05430123456790122
}