{
  "bolusiob": 2.685599681991112, 
  "iob": 3.942851957831112, 
  "activity": 0.02283654320987654
}