{
  "bolusiob": 0, 
  "iob": 1.0310291891900003, 
  "activity": 0.027721164021164018
}