{
  "bolusiob": 5.713927935999999, 
  "iob": 6.500776064, 
  "activity": 0.022162962962962957
}