{
  "bolusiob": 0, 
  "iob": 1.6532506089066676, 
  "activity": 0.06440070546737213
}