{
  "bolusiob": 0.51782595, 
  "iob": 2.7866460224033336, 
  "activity": 0.06266243386243385
}