{
  "bolusiob": 0, 
  "iob": -0.6257625519078185, 
  "activity": -0.002012354021164021
}