{
  "bolusiob": 0.906049257, 
  "iob": 2.57959576425, 
  "activity": 0.048820105820105805
}