{
  "bolusiob": 5.521876550173334, 
  "iob": 9.504454556515556, 
  "activity": 0.06896197530864197
}