{
  "bolusiob": 0, 
  "iob": 0.936182735627654, 
  "activity": 0.020854197901234568
}