{
  "bolusiob": 0, 
  "iob": 1.8225818673168943, 
  "activity": 0.026311844021164005
}