{
  "bolusiob": -0.0009235165866669171, 
  "iob": 1.6950571355733337, 
  "activity": 0.042469065255731915
}