{
  "bolusiob": 0.31145029344000036, 
  "iob": 2.1002293593599997, 
  "activity": 0.03304888888888888
}