{
  "bolusiob": 0.40690512500000015, 
  "iob": 2.201397458333333, 
  "activity": 0.03157407407407406
}