{
  "bolusiob": 0, 
  "iob": 2.506335296, 
  "activity": 0.06188359788359787
}