{
  "bolusiob": 1.1173055872000002, 
  "iob": 3.1087405568, 
  "activity": 0.031051851851851844
}