{
  "bolusiob": 4.2994147840000005, 
  "iob": 6.132035456, 
  "activity": 0.034251851851851846
}