{
  "bolusiob": 0, 
  "iob": 0.21173307936000002, 
  "activity": 0.013060317460317456
}