{
  "bolusiob": 0, 
  "iob": 0.6697344949440405, 
  "activity": 0.014956736507936507
}