{
  "bolusiob": 4.289674664391111, 
  "iob": 4.365872463431112, 
  "activity": 0.005236543209876543
}