{
  "bolusiob": 0.06829753333333327, 
  "iob": 1.741070833522222, 
  "activity": 0.03503208112874778
}