{
  "bolusiob": 0.18829562080000012, 
  "iob": 1.5526485338761455, 
  "activity": 0.021372122610229274
}