{
  "bolusiob": 0, 
  "iob": 3.6487386003200006, 
  "activity": 0.10113015873015872
}