{
  "bolusiob": 0.023533300000000423, 
  "iob": 4.4994225750000005, 
  "activity": 0.10026455026455025
}