{
  "bolusiob": 0, 
  "iob": 0.06879540804888866, 
  "activity": 0.013012627865961196
}