{
  "bolusiob": 0, 
  "iob": 0.06445277570666652, 
  "activity": 0.010125573192239851
}