{
  "bolusiob": 0, 
  "iob": 0.9983094687822227, 
  "activity": 0.033787865961199294
}