{
  "bolusiob": 1.6634799010133334, 
  "iob": 3.622562840944141, 
  "activity": 0.030889253880070546
}