{
  "bolusiob": 0, 
  "iob": 0.348652663935625, 
  "activity": 0.00023985444444444445
}