{
  "bolusiob": 0, 
  "iob": 0.7221720171155561, 
  "activity": 0.02927294532627866
}