{
  "bolusiob": 0, 
  "iob": 0.48059750136666646, 
  "activity": 0.022229012345679006
}