{
  "bolusiob": 0.3048418713600001, 
  "iob": 0.6592367398400001, 
  "activity": 0.005487407407407406
}