{
  "bolusiob": 0.6788108159999999, 
  "iob": 4.369938944, 
  "activity": 0.06749629629629628
}