{
  "bolusiob": 0.02856484699999996, 
  "iob": 1.2631297505455559, 
  "activity": 0.02907463844797178
}