{
  "bolusiob": 0, 
  "iob": 1.5625425254466885, 
  "activity": 0.0470726711111111
}