{
  "bolusiob": 0.3967706875733335, 
  "iob": 2.1425879649288886, 
  "activity": 0.04360733686067018
}