{
  "bolusiob": 0.1338425177599998, 
  "iob": 2.07828303744, 
  "activity": 0.04190052910052909
}