{
  "bolusiob": 0.6838905760000002, 
  "iob": 3.73176887069, 
  "activity": 0.0614174603174603
}