{
  "bolusiob": 0, 
  "iob": -0.04330252001166668, 
  "activity": -0.0014025573192239856
}