{
  "bolusiob": 0, 
  "iob": 0.45321478077333305, 
  "activity": 0.03145961199294531
}