{
  "bolusiob": 0.7011263800888888, 
  "iob": 2.0112469101844446, 
  "activity": 0.025351305114638442
}