{
  "bolusiob": 2.447654721991111, 
  "iob": 3.8901798914649657, 
  "activity": 0.025792957319223986
}