{
  "bolusiob": 0, 
  "iob": 0.24543997027888892, 
  "activity": 0.004622751322751321
}