{
  "bolusiob": 0, 
  "iob": 0.8803308853066669, 
  "activity": 0.010114074074074076
}