{
  "bolusiob": 0, 
  "iob": 0.7824391934266668, 
  "activity": 0.03297213403880069
}