{
  "bolusiob": 0, 
  "iob": 0.9005919636865677, 
  "activity": 0.015525169100529099
}