{
  "bolusiob": 0.06484493599999919, 
  "iob": 4.641442381440001, 
  "activity": 0.10716613756613755
}