{
  "bolusiob": 0.39956377266666676, 
  "iob": 3.3493295999377777, 
  "activity": 0.06414003527336859
}