{
  "bolusiob": 3.3398322936888887, 
  "iob": 3.818376500088889, 
  "activity": 0.013264197530864195
}