{
  "bolusiob": 0.16871127925333337, 
  "iob": 1.525173184272222, 
  "activity": 0.030327231040564364
}