{
  "bolusiob": 4.954458908444445, 
  "iob": 4.98450404569914, 
  "activity": 0.0032893949735449727
}