{
  "bolusiob": 0.05799227733333301, 
  "iob": 2.5794603356766674, 
  "activity": 0.06163509700176365
}