{
  "bolusiob": 0, 
  "iob": 1.3511091879000003, 
  "activity": 0.04339419753086419
}