{
  "bolusiob": 0, 
  "iob": 1.1302465209077777, 
  "activity": 0.023861516754850084
}