{
  "bolusiob": 3.497237477688889, 
  "iob": 3.859950196088889, 
  "activity": 0.011486419753086417
}