{
  "bolusiob": 0, 
  "iob": 0.6648496127999999, 
  "activity": 0.024804232804232794
}