{
  "bolusiob": 0, 
  "iob": 0.2508136660264238, 
  "activity": 0.010491113492063487
}