{
  "bolusiob": 1.7608073000000002, 
  "iob": 5.29679009536, 
  "activity": 0.05918941798941797
}