{
  "bolusiob": 0.710620064, 
  "iob": 2.7370408959999994, 
  "activity": 0.03321481481481481
}