{
  "bolusiob": 0.15978913333333344, 
  "iob": 1.7555886206777778, 
  "activity": 0.038771763668430326
}