{
  "bolusiob": 0, 
  "iob": 0.9870658242300004, 
  "activity": -0.02834999999999997
}