{
  "bolusiob": 0, 
  "iob": -0.07692411869777757, 
  "activity": 0.010012275132275124
}