{
  "bolusiob": 0.24665581600000042, 
  "iob": 5.291692999893334, 
  "activity": 0.11431675485008819
}