{
  "bolusiob": 0.2855282526666669, 
  "iob": 3.1514457631377777, 
  "activity": 0.06550511463844796
}