{
  "bolusiob": 3.113054920391111, 
  "iob": 4.939389015431111, 
  "activity": 0.031097283950617276
}