{
  "bolusiob": 1.0645049406, 
  "iob": 2.602833837143333, 
  "activity": 0.04694037037037035
}