{
  "bolusiob": 0.45759842366666664, 
  "iob": 2.0384565558055554, 
  "activity": 0.04375485008818339
}