{
  "bolusiob": 0, 
  "iob": 0.17941126456000003, 
  "activity": 0.005726984126984126
}