{
  "bolusiob": 0, 
  "iob": 9.153730666633388e-05, 
  "activity": 0.0011097001763668444
}