{
  "bolusiob": 3.164600897333333, 
  "iob": 3.377637116999999, 
  "activity": 0.01773139329805995
}