{
  "bolusiob": 3.006466830791111, 
  "iob": 4.043289218653016, 
  "activity": 0.022569231834215164
}