{
  "bolusiob": 0, 
  "iob": 1.9512050970266668, 
  "activity": 0.054819753086419745
}