{
  "bolusiob": 0.7455240782933332, 
  "iob": 3.9625160431288893, 
  "activity": 0.05782419753086418
}