{
  "bolusiob": 0, 
  "iob": 0.29345096704, 
  "activity": 0.007263492063492062
}