{
  "bolusiob": 0, 
  "iob": 0.810313645293334, 
  "activity": 0.035990828924162256
}