{
  "bolusiob": 0.24995540504000013, 
  "iob": 1.8848647526133337, 
  "activity": 0.04276691358024691
}