{
  "bolusiob": 0.3792627749999994, 
  "iob": 5.634297180976667, 
  "activity": 0.11451922398589062
}