{
  "bolusiob": 0, 
  "iob": 0.8129284672355557, 
  "activity": 0.030832945326278654
}