{
  "bolusiob": 0, 
  "iob": 0.15407595588, 
  "activity": 0.00566031746031746
}