{
  "bolusiob": 0, 
  "iob": 2.2008247229100912, 
  "activity": 0.021588343421516738
}