{
  "bolusiob": 0.19879089013333306, 
  "iob": 2.295558388088889, 
  "activity": 0.04348641975308642
}