{
  "bolusiob": 4.872637404693335, 
  "iob": 9.273732594062222, 
  "activity": 0.07402271604938271
}