{
  "bolusiob": 0, 
  "iob": 1.7044348795472617, 
  "activity": 0.0322722176366843
}