{
  "bolusiob": 0.44990621695999994, 
  "iob": 0.7162407462399992, 
  "activity": 0.010165502645502625
}