{
  "bolusiob": 0.9257611193600002, 
  "iob": 2.87750013184, 
  "activity": 0.03085037037037036
}