{
  "bolusiob": 0.8559775326666665, 
  "iob": 3.9184093823377784, 
  "activity": 0.06004479717813049
}