{
  "bolusiob": 0.033137267199999876, 
  "iob": 1.9127722368, 
  "activity": 0.04131216931216931
}