{
  "bolusiob": 0, 
  "iob": 0.04899251869516095, 
  "activity": 0.0036602283068783046
}