{
  "bolusiob": 0, 
  "iob": 0.560225454917778, 
  "activity": 0.030339876543209875
}