{
  "bolusiob": 0, 
  "iob": 0.6159827528611831, 
  "activity": 0.01505540825396825
}