{
  "bolusiob": 3.26806322304, 
  "iob": 3.4838051945933337, 
  "activity": 0.01797199294532627
}