{
  "bolusiob": 0.49949396096, 
  "iob": 2.5643550822399996, 
  "activity": 0.035917037037037025
}