{
  "bolusiob": 0, 
  "iob": 0.8547766926400006, 
  "activity": 0.03691428571428572
}