{
  "bolusiob": 0.9526884313599998, 
  "iob": 6.650234710506667, 
  "activity": 0.10805502645502643
}