{
  "bolusiob": 2.155529852, 
  "iob": 4.02328009425, 
  "activity": 0.060248677248677246
}