{
  "bolusiob": 0, 
  "iob": 0.6473202133888885, 
  "activity": 0.03216506172839505
}