{
  "bolusiob": 1.4216058115599999, 
  "iob": 2.7816148349733334, 
  "activity": 0.0213237037037037
}