{
  "bolusiob": 0.5546446169999999, 
  "iob": 2.1669584542499996, 
  "activity": 0.04501058201058199
}