{
  "bolusiob": 0, 
  "iob": 0.25157618250666675, 
  "activity": 0.006741446208112874
}