{
  "bolusiob": 1.8954744154133336, 
  "iob": 3.7123744230597455, 
  "activity": 0.02924172936507936
}