{
  "bolusiob": 0, 
  "iob": 1.2706844786602778, 
  "activity": 0.01609336860670194
}