{
  "bolusiob": -0.001877345333333169, 
  "iob": 4.205039380333334, 
  "activity": 0.09701940035273368
}