{
  "bolusiob": 0, 
  "iob": 2.7500641781866664, 
  "activity": 0.08822716049382714
}