{
  "bolusiob": 0.8598551267555555, 
  "iob": 2.1205562646755562, 
  "activity": 0.030733262786596112
}