{
  "bolusiob": 0, 
  "iob": 0.5257497182266663, 
  "activity": 0.02725784832451498
}