{
  "bolusiob": 1.3487039685333335, 
  "iob": 4.107654850133333, 
  "activity": 0.06965714285714285
}