{
  "bolusiob": 0.9108095299600001, 
  "iob": 2.5588836845733334, 
  "activity": 0.025723703703703697
}