{
  "bolusiob": 0.12090101280000004, 
  "iob": 1.7461384977711112, 
  "activity": 0.05005186948853615
}