{
  "bolusiob": 1.7905168982000002, 
  "iob": 4.811748118353333, 
  "activity": 0.0722010582010582
}