{
  "bolusiob": 1.0301986018133336, 
  "iob": 3.306874959613793, 
  "activity": 0.03629871384479718
}