{
  "bolusiob": 2.1729384710044446, 
  "iob": 3.3688268041844442, 
  "activity": 0.021287019400352727
}