{
  "bolusiob": 0.13931919701333345, 
  "iob": 2.374968156586667, 
  "activity": 0.04820599647266313
}