{
  "bolusiob": 0, 
  "iob": 0.3685103983088891, 
  "activity": 0.020901851851851852
}