{
  "bolusiob": 0, 
  "iob": 0.44722598088052834, 
  "activity": 0.00041858629629629623
}