{
  "bolusiob": 0, 
  "iob": 1.0776468494233336, 
  "activity": 0.011759153439153437
}