{
  "bolusiob": 0, 
  "iob": 0.060475682767499435, 
  "activity": -0.13627500000000003
}