{
  "bolusiob": 0, 
  "iob": 0.38356450850666685, 
  "activity": 0.023458906525573187
}