{
  "bolusiob": 0, 
  "iob": 0.1982407715266667, 
  "activity": 0.017195414462081126
}