{
  "bolusiob": 0, 
  "iob": 0.06770384071000031, 
  "activity": 0.007793121693121684
}