{
  "bolusiob": 0, 
  "iob": 0.1972992730933333, 
  "activity": 0.00599506172839506
}