{
  "bolusiob": 0, 
  "iob": 3.831333247289408, 
  "activity": 0.09387480118165782
}