{
  "bolusiob": 1.0365841666400002, 
  "iob": 2.943058698213334, 
  "activity": 0.04611929453262786
}