{
  "bolusiob": 0.41975920479999995, 
  "iob": 1.4037307877100003, 
  "activity": 0.0200721340388007
}