{
  "bolusiob": 0.5081372009999999, 
  "iob": 2.2923652289999996, 
  "activity": 0.03018888888888888
}