{
  "bolusiob": 0, 
  "iob": 0.1581779226888886, 
  "activity": 0.018217495590828917
}