{
  "bolusiob": 0, 
  "iob": 0.7739850428692685, 
  "activity": 0.015507452910052908
}