{
  "bolusiob": 2.433258962639999, 
  "iob": 5.538994664993334, 
  "activity": 0.06784832451499118
}