{
  "bolusiob": 0.5478028066133334, 
  "iob": 2.940294228764445, 
  "activity": 0.042022716049382715
}