{
  "bolusiob": 0, 
  "iob": 1.2872939481600003, 
  "activity": 0.030869841269841262
}