{
  "bolusiob": 0, 
  "iob": 1.1581867494666669, 
  "activity": 0.03238800705467371
}