{
  "bolusiob": 0.3990992545066668, 
  "iob": 0.6931091386977783, 
  "activity": 0.008372345679012343
}