{
  "bolusiob": 0, 
  "iob": 1.8812073317197224, 
  "activity": 0.027530502645502653
}