{
  "bolusiob": 0, 
  "iob": 1.2047068670266667, 
  "activity": 0.04059118165784832
}