{
  "bolusiob": 0, 
  "iob": 0.03127568423019095, 
  "activity": 0.0029004399470899463
}