{
  "bolusiob": 0, 
  "iob": 1.5966177911558335, 
  "activity": 0.014558818342151674
}