{
  "bolusiob": 1.0414524346666667, 
  "iob": 2.7239457248888894, 
  "activity": 0.05008289241622574
}