{
  "bolusiob": 6.204725155484445, 
  "iob": 6.631052518204444, 
  "activity": 0.016101728395061722
}