{
  "bolusiob": 0, 
  "iob": 1.0765446938000003, 
  "activity": 0.03859259259259259
}