{
  "bolusiob": 2.052854972, 
  "iob": 3.8476283242500005, 
  "activity": 0.05897883597883597
}