{
  "bolusiob": 3.746885102222222, 
  "iob": 3.926782208888889, 
  "activity": 0.007950617283950615
}