{
  "bolusiob": 0, 
  "iob": 0.24985378176000014, 
  "activity": 0.014107936507936503
}