{
  "bolusiob": 0, 
  "iob": 0.3248456551875007, 
  "activity": -0.08962499999999997
}