{
  "bolusiob": 0, 
  "iob": 0.003791521146773808, 
  "activity": 0.0008561299823633142
}