{
  "bolusiob": 0, 
  "iob": 0.579792843733334, 
  "activity": 0.04225749559082891
}