{
  "bolusiob": 0, 
  "iob": -0.4920777032690748, 
  "activity": -0.0014666892592592588
}