{
  "bolusiob": 0, 
  "iob": 0.3875544443377664, 
  "activity": 0.0141652537037037
}