{
  "bolusiob": 0.07889369442666658, 
  "iob": 2.0579627479636686, 
  "activity": 0.04072992677248677
}