{
  "bolusiob": 0, 
  "iob": -0.0004383628700002973, 
  "activity": -0.09618888888888891
}