{
  "bolusiob": 0.007100688106666642, 
  "iob": 0.38430075469333336, 
  "activity": 0.008280776014109347
}