{
  "bolusiob": 0, 
  "iob": 0.04123648113666667, 
  "activity": 0.0009610229276895942
}