{
  "bolusiob": 2.4209570930133335, 
  "iob": 4.255318622253333, 
  "activity": 0.029720740740740735
}