{
  "bolusiob": 0, 
  "iob": 1.050171682811042, 
  "activity": 0.021334454320987652
}