{
  "bolusiob": 0.05740545315999983, 
  "iob": 1.6718221727900004, 
  "activity": 0.03505449735449735
}