{
  "bolusiob": 0, 
  "iob": 0.047078342373332666, 
  "activity": 0.011904056437389754
}