{
  "bolusiob": 0, 
  "iob": 0.01509360209333348, 
  "activity": 0.0067040564373897545
}