{
  "bolusiob": 0.7071968213333324, 
  "iob": 6.064113960888888, 
  "activity": 0.10434567901234566
}