{
  "bolusiob": 0.05267356700000006, 
  "iob": 1.2992398084277785, 
  "activity": 0.030177619047619043
}