{
  "bolusiob": 3.8415678063644445, 
  "iob": 4.292130634151612, 
  "activity": 0.016501612698412698
}