{
  "bolusiob": 0, 
  "iob": 0.03576168575000001, 
  "activity": 0.0008968253968253967
}