{
  "bolusiob": 0.20353701055999984, 
  "iob": 2.2056063846400007, 
  "activity": 0.04098370370370369
}