{
  "bolusiob": 0, 
  "iob": 0.5100983059333333, 
  "activity": 0.025860670194003527
}