{
  "bolusiob": 2.6858779814400005, 
  "iob": 3.701894941653335, 
  "activity": 0.0515700881834215
}