{
  "bolusiob": 0, 
  "iob": 1.7964690613508343, 
  "activity": 0.028881684303350953
}