{
  "bolusiob": 2.2766361140000004, 
  "iob": 4.94246230216, 
  "activity": 0.051884656084656075
}