{
  "bolusiob": 0, 
  "iob": 0.11982712230666644, 
  "activity": 0.015027160493827144
}