{
  "bolusiob": 1.4569916916622223, 
  "iob": 3.3614171985288896, 
  "activity": 0.04737876543209876
}