{
  "bolusiob": 0.28013066666666653, 
  "iob": 3.216928711111111, 
  "activity": 0.06083950617283949
}