{
  "bolusiob": 0.9089167234400002, 
  "iob": 2.806382519013334, 
  "activity": 0.04570024691358024
}