{
  "bolusiob": 0.4205343202133336, 
  "iob": 2.8063931471644445, 
  "activity": 0.04397827160493827
}