{
  "bolusiob": 3.8391364323555557, 
  "iob": 3.952030401422222, 
  "activity": 0.006202469135802468
}