{
  "bolusiob": 0, 
  "iob": 0.567082798448889, 
  "activity": 0.026384056437389766
}