{
  "bolusiob": 0.3811215952000002, 
  "iob": 2.4902034501333334, 
  "activity": 0.05949841269841269
}