{
  "bolusiob": 0, 
  "iob": -0.0701706253577778, 
  "activity": -0.000994021164021164
}