{
  "bolusiob": 2.2236106574222223, 
  "iob": 3.528135011022222, 
  "activity": 0.02221234567901234
}