{
  "bolusiob": 0, 
  "iob": 0.31389183736000015, 
  "activity": 0.007504761904761905
}