{
  "bolusiob": 2.961016805688889, 
  "iob": 3.7192278280888886, 
  "activity": 0.01681975308641975
}