{
  "bolusiob": 0, 
  "iob": 0.05679059099999959, 
  "activity": 0.010973544973544963
}