{
  "bolusiob": 1.0336170133333333, 
  "iob": 1.8264638908033328, 
  "activity": 0.02240158730158729
}