{
  "bolusiob": 0, 
  "iob": 0.21277940478666682, 
  "activity": 0.017755202821869487
}