{
  "bolusiob": 0.14130277500000038, 
  "iob": 4.961173919626667, 
  "activity": 0.11074144620811287
}