{
  "bolusiob": 0, 
  "iob": 0.233101614, 
  "activity": 0.0064973544973544965
}