{
  "bolusiob": 0, 
  "iob": 1.951456940484167, 
  "activity": 0.026939497354497355
}