{
  "bolusiob": 0, 
  "iob": 0.01955328803999985, 
  "activity": 0.004644444444444445
}