{
  "bolusiob": 0.22018346366666663, 
  "iob": 1.7713193272633334, 
  "activity": 0.03997298059964725
}