{
  "bolusiob": 0, 
  "iob": 0.5442326196266672, 
  "activity": 0.034237742504409176
}