{
  "bolusiob": 0, 
  "iob": 0.041726825306666805, 
  "activity": 0.00822081128747795
}