{
  "bolusiob": 0.68668659, 
  "iob": 3.0999301804033337, 
  "activity": 0.06583703703703701
}