{
  "bolusiob": 0.38470942719999957, 
  "iob": 2.5540295168, 
  "activity": 0.039940740740740735
}