{
  "bolusiob": 0, 
  "iob": 1.6960186808000006, 
  "activity": 0.04802116402116402
}