{
  "bolusiob": 0.3189451522400001, 
  "iob": 2.0127370598133334, 
  "activity": 0.04318596119929453
}