{
  "bolusiob": 0, 
  "iob": 1.8622057009019448, 
  "activity": 0.02817307760141093
}