{
  "bolusiob": 1.23876659236, 
  "iob": 2.711771470173333, 
  "activity": 0.022790370370370364
}