{
  "bolusiob": 0, 
  "iob": 0.1383258908700001, 
  "activity": 0.0053761904761904745
}