{
  "bolusiob": 2.646315597404444, 
  "iob": 3.4950794586244442, 
  "activity": 0.01847432098765432
}