{
  "bolusiob": 4.359179582364445, 
  "iob": 4.502649984775613, 
  "activity": 0.009104787301587298
}