{
  "bolusiob": 1.3073279445333337, 
  "iob": 3.2026558883555554, 
  "activity": 0.02929382716049382
}