{
  "bolusiob": 0, 
  "iob": 0.02399418123930092, 
  "activity": 0.002513138359788358
}