{
  "bolusiob": 0.5762095618400003, 
  "iob": 2.403900157413334, 
  "activity": 0.04444310405643738
}