{
  "bolusiob": 0.19054393266666692, 
  "iob": 2.950618331393334, 
  "activity": 0.06651040564373897
}