{
  "bolusiob": 3.6298159843555555, 
  "iob": 3.8952554894222224, 
  "activity": 0.009758024691358022
}