{
  "bolusiob": 0.40038237866666665, 
  "iob": 3.4019509191111106, 
  "activity": 0.05835061728395059
}