{
  "bolusiob": 0, 
  "iob": 0.4255161728533333, 
  "activity": 0.023420881834215156
}