{
  "bolusiob": 0, 
  "iob": 1.060647676811111, 
  "activity": 0.03965246913580246
}