{
  "bolusiob": 0, 
  "iob": 3.1881096437333336, 
  "activity": 0.09474426807760139
}