{
  "bolusiob": 0, 
  "iob": 0.9678658381600003, 
  "activity": 0.008519999999999998
}