{
  "bolusiob": 0.36312431584000004, 
  "iob": 1.568520872296666, 
  "activity": 0.03600737213403879
}