{
  "bolusiob": 0.017465695999999975, 
  "iob": 4.33417562304, 
  "activity": 0.10361058201058199
}