{
  "bolusiob": 0, 
  "iob": 1.4064271963022223, 
  "activity": 0.03952183421516754
}