{
  "bolusiob": 0.04080521290666664, 
  "iob": 0.4609081670044445, 
  "activity": 0.00867358024691358
}