{
  "bolusiob": 0.21629251541333316, 
  "iob": 2.5209895759644443, 
  "activity": 0.04788938271604938
}