{
  "bolusiob": 4.541634527111111, 
  "iob": 4.870237665111111, 
  "activity": 0.012135802469135799
}