{
  "bolusiob": 2.18372514576, 
  "iob": 2.8319463177733333, 
  "activity": 0.03504194003527336
}