{
  "bolusiob": 2.9562575468800003, 
  "iob": 4.0129474827200005, 
  "activity": 0.02089185185185185
}