{
  "bolusiob": 2.8482377910399994, 
  "iob": 3.5506235699999995, 
  "activity": 0.0171684656084656
}