{
  "bolusiob": 1.4307063884266669, 
  "iob": 2.2641318623633335, 
  "activity": 0.0279100529100529
}