{
  "bolusiob": 1.61701882276, 
  "iob": 2.8470578477733333, 
  "activity": 0.01985703703703703
}