{
  "bolusiob": 0, 
  "iob": 1.7518278264911114, 
  "activity": 0.03532246913580247
}