{
  "bolusiob": 0, 
  "iob": 1.0386698055066665, 
  "activity": 0.04050017636684302
}