{
  "bolusiob": 0, 
  "iob": 0.47449742635092634, 
  "activity": 0.016091179629629627
}