{
  "bolusiob": 0, 
  "iob": 1.111539886705278, 
  "activity": 0.01297822751322751
}