{
  "bolusiob": 0, 
  "iob": 2.334489574534904, 
  "activity": 0.07753277837742506
}