{
  "bolusiob": 0, 
  "iob": 1.7119251098175006, 
  "activity": 0.031340555555555566
}