{
  "bolusiob": 2.4197611782044453, 
  "iob": 3.4341227632044444, 
  "activity": 0.019856860670193998
}