{
  "bolusiob": 0.49993510784000006, 
  "iob": 0.7433358809199992, 
  "activity": 0.011878518518518507
}