{
  "bolusiob": 0, 
  "iob": 1.0358778886799997, 
  "activity": 0.05540105820105819
}