{
  "bolusiob": 1.607896602453333, 
  "iob": 3.696845114613333, 
  "activity": 0.04104148148148148
}