{
  "bolusiob": 0, 
  "iob": 0.006998679585000618, 
  "activity": 0.010069347442680772
}