{
  "bolusiob": 0, 
  "iob": 0.2944793059999997, 
  "activity": 0.02584126984126983
}