{
  "bolusiob": 4.372565447111111, 
  "iob": 4.825207828444444, 
  "activity": 0.014345679012345677
}