{
  "bolusiob": 0, 
  "iob": 1.0134509696816665, 
  "activity": 0.01124126984126984
}