{
  "bolusiob": 0.5920544373333334, 
  "iob": 3.311344753777778, 
  "activity": 0.04819753086419752
}