{
  "bolusiob": 0, 
  "iob": 1.5181528662486277, 
  "activity": 0.013796002804232804
}