{
  "bolusiob": 0, 
  "iob": 1.7000610615066667, 
  "activity": 0.05129382716049381
}