{
  "bolusiob": 0.2922753038, 
  "iob": 1.430033083370022, 
  "activity": 0.020616790246913576
}