{
  "bolusiob": 0.48207223064000015, 
  "iob": 2.272254762213334, 
  "activity": 0.04402405643738976
}