{
  "bolusiob": 1.2916919291733335, 
  "iob": 4.977719886777777, 
  "activity": 0.06360620811287476
}