{
  "bolusiob": 0, 
  "iob": 0.8794330718266664, 
  "activity": 0.034876895943562594
}