{
  "bolusiob": 0, 
  "iob": 0.3612102368533331, 
  "activity": 0.02193516754850087
}