{
  "bolusiob": 1.2727136213599999, 
  "iob": 3.0565761237599998, 
  "activity": 0.02757502645502645
}