{
  "bolusiob": 4.848196258133334, 
  "iob": 5.6851209845333335, 
  "activity": 0.02154074074074074
}