{
  "bolusiob": 0, 
  "iob": -0.4468996083579017, 
  "activity": -0.0013162547442680773
}