{
  "bolusiob": 0, 
  "iob": 2.689821056, 
  "activity": 0.06404232804232804
}