{
  "bolusiob": 0, 
  "iob": 0.0548876869399999, 
  "activity": 0.009850793650793653
}