{
  "bolusiob": -0.0010030591999998784, 
  "iob": 2.4695183552000004, 
  "activity": 0.057608465608465595
}