{
  "bolusiob": 1.112410352, 
  "iob": 3.7567009730133334, 
  "activity": 0.06835343915343914
}