{
  "bolusiob": 0, 
  "iob": 0.29586211029333326, 
  "activity": 0.022498765432098774
}