{
  "bolusiob": 1.203108195, 
  "iob": 1.41893622375, 
  "activity": 0.008208333333333333
}