{
  "bolusiob": 0, 
  "iob": 1.3194500951558334, 
  "activity": 0.01587310405643739
}