{
  "bolusiob": 0, 
  "iob": 0.021805930666665765, 
  "activity": 0.009001763668430314
}