{
  "bolusiob": 0, 
  "iob": 0.6818973740455073, 
  "activity": 0.019884996137566127
}