{
  "bolusiob": 0, 
  "iob": 0.7109982036933334, 
  "activity": 0.033832098765432105
}