{
  "bolusiob": 0.5014339621333332, 
  "iob": 2.6762999560888887, 
  "activity": 0.03815308641975308
}