{
  "bolusiob": 2.3938222199466677, 
  "iob": 3.866513999431111, 
  "activity": 0.024792098765432095
}