{
  "bolusiob": 0, 
  "iob": 0.5459807853666663, 
  "activity": 0.0235210758377425
}