{
  "bolusiob": 0.0020992760533331987, 
  "iob": 1.2009807015655558, 
  "activity": 0.026933791887125212
}