{
  "bolusiob": 2.4926346467555556, 
  "iob": 3.5976504483555556, 
  "activity": 0.020404938271604934
}