{
  "bolusiob": 0.15570884864, 
  "iob": 0.58057148416, 
  "activity": 0.006921481481481481
}