{
  "bolusiob": 0, 
  "iob": 0.23989503399999945, 
  "activity": 0.01730158730158729
}