{
  "bolusiob": 0.10725679466666665, 
  "iob": 1.739037476504445, 
  "activity": 0.037569929453262776
}