{
  "bolusiob": 0, 
  "iob": 0.36960908042666607, 
  "activity": 0.028650440917107587
}