{
  "bolusiob": 0, 
  "iob": 0.14492201856000003, 
  "activity": 0.010965079365079362
}