{
  "bolusiob": 0.2813307365333333, 
  "iob": 2.423483683022222, 
  "activity": 0.041767901234567896
}