{
  "bolusiob": 1.4851738773333336, 
  "iob": 4.451582978787778, 
  "activity": 0.055941975308641964
}