{
  "bolusiob": 0.08402174299999988, 
  "iob": 1.3891086290644443, 
  "activity": 0.030980917107583772
}