{
  "bolusiob": 0, 
  "iob": 1.8345949452400003, 
  "activity": 0.0532126984126984
}