{
  "bolusiob": 0, 
  "iob": 0.018045137537560933, 
  "activity": 0.0021364187830687814
}