{
  "bolusiob": 1.3706226213333332, 
  "iob": 3.4750655403333335, 
  "activity": 0.04478148148148147
}