{
  "bolusiob": 0, 
  "iob": 2.8601389390000005, 
  "activity": 0.06939153439153439
}