{
  "bolusiob": 4.175957127111111, 
  "iob": 4.773277748444444, 
  "activity": 0.0165679012345679
}