{
  "bolusiob": 1.1460312546133333, 
  "iob": 3.245718125653334, 
  "activity": 0.045280423280423275
}