{
  "bolusiob": 0.0632198212266661, 
  "iob": 3.2768525539733337, 
  "activity": 0.07049453262786595
}