{
  "bolusiob": 0, 
  "iob": 1.4761324352000003, 
  "activity": 0.0449100529100529
}