{
  "bolusiob": 0, 
  "iob": 0.8766490761600003, 
  "activity": 0.025631746031746026
}