{
  "bolusiob": 0.6909898517866668, 
  "iob": 3.0676221071445275, 
  "activity": 0.04009077107583774
}