{
  "bolusiob": 0, 
  "iob": 1.9385907242000002, 
  "activity": 0.051227513227513226
}