{
  "bolusiob": -0.00029813620000013197, 
  "iob": 2.164671712589768, 
  "activity": 0.02176358144620812
}