{
  "bolusiob": 0, 
  "iob": 0.48730123079000015, 
  "activity": 0.019340211640211633
}