{
  "bolusiob": 1.095817739973333, 
  "iob": 2.9712380706044446, 
  "activity": 0.029170864197530857
}