{
  "bolusiob": 0.28897037700000017, 
  "iob": 1.7886165442499993, 
  "activity": 0.04120105820105818
}