{
  "bolusiob": 0.6327969061333336, 
  "iob": 2.7925462920888884, 
  "activity": 0.0363753086419753
}