{
  "bolusiob": 0, 
  "iob": 0.039491750171930906, 
  "activity": 0.0032771595238095226
}