{
  "bolusiob": 0, 
  "iob": 0.7925141621866661, 
  "activity": 0.04886208112874779
}