{
  "bolusiob": 4.629783076017778, 
  "iob": 6.210944414337779, 
  "activity": 0.03956860670194003
}