{
  "bolusiob": 0.04664304138666644, 
  "iob": 2.678820463013333, 
  "activity": 0.05784691358024689
}