{
  "bolusiob": 0.018425725173333785, 
  "iob": 3.075115570626667, 
  "activity": 0.06834779541446206
}