{
  "bolusiob": 2.59656950784, 
  "iob": 3.117531745793334, 
  "activity": 0.017127548500881825
}