{
  "bolusiob": 0, 
  "iob": 1.6546602356135407, 
  "activity": 0.023767267301587288
}