{
  "bolusiob": 0, 
  "iob": 0.002148618349350945, 
  "activity": 0.0006238320105820097
}