{
  "bolusiob": 1.9231610506666663, 
  "iob": 3.2978473622777775, 
  "activity": 0.02278977072310405
}