{
  "bolusiob": 1.974992008533334, 
  "iob": 3.4556539043555556, 
  "activity": 0.02396049382716049
}