{
  "bolusiob": 2.74530140544, 
  "iob": 3.1687691801933333, 
  "activity": 0.017248183421516745
}