{
  "bolusiob": 0.015287337706666727, 
  "iob": 0.4088889370933334, 
  "activity": 0.0085347442680776
}