{
  "bolusiob": 0, 
  "iob": 0.12310030368000005, 
  "activity": 0.0050857142857142846
}