{
  "bolusiob": 1.6968220985600004, 
  "iob": 3.224219159275, 
  "activity": 0.02429878306878306
}