{
  "bolusiob": 0, 
  "iob": 0.4520133389066666, 
  "activity": 0.02536366843033509
}