{
  "bolusiob": 0, 
  "iob": 0.3013622528533334, 
  "activity": 0.020449453262786587
}