{
  "bolusiob": 0, 
  "iob": 1.323880534746667, 
  "activity": 0.042485361552028214
}