{
  "bolusiob": 0, 
  "iob": 1.9663059061866672, 
  "activity": 0.07510546737213403
}