{
  "bolusiob": 0, 
  "iob": 1.250817296666667, 
  "activity": 0.03361552028218694
}