{
  "bolusiob": 0, 
  "iob": 0.28121996446380887, 
  "activity": 0.011371007671957669
}