{
  "bolusiob": 3.268023971511111, 
  "iob": 4.906895034822222, 
  "activity": 0.027937037037037035
}