{
  "bolusiob": 0.7896318082400002, 
  "iob": 2.6709640358133333, 
  "activity": 0.04528119929453262
}