{
  "bolusiob": 0, 
  "iob": 1.79449098359491, 
  "activity": 0.02473573291005289
}