{
  "bolusiob": 0, 
  "iob": -0.04689597996000032, 
  "activity": 0.01143139329805996
}