{
  "bolusiob": 0, 
  "iob": 0.13250516627326778, 
  "activity": 0.006720746649029979
}