{
  "bolusiob": 3.43032213568, 
  "iob": 4.13635290992, 
  "activity": 0.01698074074074074
}