{
  "bolusiob": 1.06850116516, 
  "iob": 2.637527753373333, 
  "activity": 0.024257037037037032
}