{
  "bolusiob": 1.5182260261333336, 
  "iob": 3.2937715720888887, 
  "activity": 0.027486419753086414
}