{
  "bolusiob": 0.4256030022400001, 
  "iob": 1.6743879310966667, 
  "activity": 0.0381280070546737
}