{
  "bolusiob": 0.4959421070399999, 
  "iob": 4.144376233759999, 
  "activity": 0.07066962962962962
}