{
  "bolusiob": 0.8507561920000002, 
  "iob": 3.189150242103859, 
  "activity": 0.03819310546737213
}