{
  "bolusiob": 5.976882304, 
  "iob": 6.570292736000001, 
  "activity": 0.019140740740740736
}