{
  "bolusiob": 2.204882145640001, 
  "iob": 5.206206144993333, 
  "activity": 0.0670074074074074
}