{
  "bolusiob": 4.24975402316, 
  "iob": 5.95778780429, 
  "activity": 0.0423063492063492
}