{
  "bolusiob": 0.14309560869333254, 
  "iob": 3.5178525693466662, 
  "activity": 0.07475202821869488
}