{
  "bolusiob": 0, 
  "iob": 1.506603850660278, 
  "activity": 0.01499813051146384
}