{
  "bolusiob": 0.8986243665066662, 
  "iob": 4.640000968697779, 
  "activity": 0.06797897707231039
}