{
  "bolusiob": 0.8430043581333333, 
  "iob": 1.7012343551633329, 
  "activity": 0.020544973544973533
}