{
  "bolusiob": 0, 
  "iob": 0.42079501672053166, 
  "activity": 0.05010184313932978
}