{
  "bolusiob": 0, 
  "iob": 0.9477604429970783, 
  "activity": 0.010673100987654323
}