{
  "bolusiob": 2.244870332, 
  "iob": 4.202742464250001, 
  "activity": 0.061518518518518514
}