{
  "bolusiob": 0, 
  "iob": 0.9112089109066669, 
  "activity": 0.009580740740740742
}