{
  "bolusiob": 0, 
  "iob": 0.21492841984000002, 
  "activity": 0.006247619047619047
}