{
  "bolusiob": 0, 
  "iob": 1.8555581104822225, 
  "activity": 0.03636158730158731
}