{
  "bolusiob": 0, 
  "iob": 0.015261931306666865, 
  "activity": 0.006055731922398582
}