{
  "bolusiob": 0, 
  "iob": -0.10075319443111136, 
  "activity": 0.008698835978835981
}