{
  "bolusiob": 0.3558592601066669, 
  "iob": 3.9329492798044443, 
  "activity": 0.07352395061728394
}