{
  "bolusiob": 0, 
  "iob": 0.3499146662545164, 
  "activity": 0.013239327777777773
}