{
  "bolusiob": 0, 
  "iob": 0.10897498828888924, 
  "activity": 0.01685876543209876
}