{
  "bolusiob": 0.006144747839999875, 
  "iob": 1.4735560329600004, 
  "activity": 0.032965079365079364
}