{
  "bolusiob": 0, 
  "iob": 1.6997255715429203, 
  "activity": 0.03323565823633159
}