{
  "bolusiob": 0, 
  "iob": 0.14856601285333354, 
  "activity": 0.01599231040564373
}