{
  "bolusiob": 3.1610920696888893, 
  "iob": 3.771469044088889, 
  "activity": 0.015041975308641972
}