{
  "bolusiob": 0.19036505120000002, 
  "iob": 1.9944631253844445, 
  "activity": 0.053205061728395044
}