{
  "bolusiob": 0, 
  "iob": 2.3417798421866673, 
  "activity": 0.08166631393298059
}