{
  "bolusiob": 0, 
  "iob": 0.22851565322666698, 
  "activity": 0.023063139329805995
}