{
  "bolusiob": 1.4800366666666667, 
  "iob": 3.144114200027778, 
  "activity": 0.025889770723104052
}