{
  "bolusiob": 0.1022154566400001, 
  "iob": 1.7765250201600005, 
  "activity": 0.036107936507936506
}