{
  "bolusiob": 0, 
  "iob": 0.6269160859072272, 
  "activity": 0.01462895873015873
}