{
  "bolusiob": 0.07882327258666676, 
  "iob": 2.185255988313334, 
  "activity": 0.04678104056437389
}