{
  "bolusiob": 0, 
  "iob": -0.00043081309333325995, 
  "activity": 0.0004112874779541469
}