{
  "bolusiob": -0.0007312377600003139, 
  "iob": 1.3788532665600004, 
  "activity": 0.03191746031746032
}