{
  "bolusiob": 0, 
  "iob": 0.8064553392170248, 
  "activity": 0.015576715343915346
}