{
  "bolusiob": 0.1593866102400002, 
  "iob": 1.8857855385600002, 
  "activity": 0.03598222222222221
}