{
  "bolusiob": 0, 
  "iob": 0.8153631718666665, 
  "activity": 0.027350970017636676
}