{
  "bolusiob": 3.085404339893333, 
  "iob": 3.3243644769733334, 
  "activity": 0.01760941798941797
}