{
  "bolusiob": 0.012696319999999872, 
  "iob": 1.9964883771432673, 
  "activity": 0.02230955996472664
}