{
  "bolusiob": 2.7387950483911117, 
  "iob": 3.9691960086819766, 
  "activity": 0.024164866843033508
}