{
  "bolusiob": 2.167994242186667, 
  "iob": 3.8056587390986927, 
  "activity": 0.02746645590828924
}