{
  "bolusiob": 0.7472835958, 
  "iob": 1.6433040467633337, 
  "activity": 0.019624338624338607
}