{
  "bolusiob": 0.07467006709333335, 
  "iob": 0.5081763432177778, 
  "activity": 0.00802567901234568
}