{
  "bolusiob": 3.20502411328, 
  "iob": 4.07758376432, 
  "activity": 0.018936296296296295
}