{
  "bolusiob": 2.7396065016888893, 
  "iob": 3.661652852088889, 
  "activity": 0.018597530864197527
}