{
  "bolusiob": 0, 
  "iob": 0.9977476667388544, 
  "activity": 0.021841499488536146
}