{
  "bolusiob": 0, 
  "iob": 3.452436069333334, 
  "activity": 0.09262786596119929
}