{
  "bolusiob": 0, 
  "iob": -0.0012809500000017238, 
  "activity": 0.00349206349206348
}