{
  "bolusiob": 0.726149717048889, 
  "iob": 2.1629839041455554, 
  "activity": 0.04663410934744267
}