{
  "bolusiob": 0, 
  "iob": 0.19574179690595922, 
  "activity": 0.008811915432098761
}