{
  "bolusiob": 0, 
  "iob": -0.023089411500000007, 
  "activity": -0.0010370370370370368
}