{
  "bolusiob": 0, 
  "iob": 2.0556457084799997, 
  "activity": 0.035399999999999994
}