{
  "bolusiob": 1.3763465331066667, 
  "iob": 2.185411652803333, 
  "activity": 0.027004761904761893
}