{
  "bolusiob": 0, 
  "iob": -0.3916923992464361, 
  "activity": -0.007840060423280422
}