{
  "bolusiob": 0, 
  "iob": 0.7634807224526785, 
  "activity": 0.015474913227513227
}