{
  "bolusiob": 0.8880210352000002, 
  "iob": 3.4301606901333335, 
  "activity": 0.0671174603174603
}