{
  "bolusiob": 0.035036450559999106, 
  "iob": 3.16641027364, 
  "activity": 0.07053333333333332
}