{
  "bolusiob": 0, 
  "iob": 1.6480373387652367, 
  "activity": 0.026114039100529094
}