{
  "bolusiob": 0, 
  "iob": 0.9821423102266665, 
  "activity": 0.0367816578483245
}