{
  "bolusiob": 0, 
  "iob": 2.5931403558675004, 
  "activity": 0.06097500000000001
}