{
  "bolusiob": 0.025594525439999946, 
  "iob": 1.5714022473600002, 
  "activity": 0.03401269841269841
}