{
  "bolusiob": 0, 
  "iob": -0.7917537051829563, 
  "activity": -0.003165415079365079
}