{
  "bolusiob": 0, 
  "iob": 2.1040990527689933, 
  "activity": 0.021014261322751315
}