{
  "bolusiob": -0.0006842463466674609, 
  "iob": 4.709452600680001, 
  "activity": 0.11444867724867722
}