{
  "bolusiob": 0, 
  "iob": 1.6848753247338792, 
  "activity": 0.02329545072310406
}