{
  "bolusiob": 0.19032606976000005, 
  "iob": 0.60306335744, 
  "activity": 0.006542222222222222
}