{
  "bolusiob": 3.6655754564977783, 
  "iob": 4.236071180878759, 
  "activity": 0.0179974151675485
}