{
  "bolusiob": 2.118834962346667, 
  "iob": 3.784308905031111, 
  "activity": 0.026747654320987652
}