{
  "bolusiob": 1.2250092403200001, 
  "iob": 2.9043796140800002, 
  "activity": 0.025937777777777775
}