{
  "bolusiob": 0.012362956480000341, 
  "iob": 2.5142130311200006, 
  "activity": 0.056088888888888876
}