{
  "bolusiob": 0.08284316799999969, 
  "iob": 4.781930592, 
  "activity": 0.10328042328042326
}