{
  "bolusiob": 0, 
  "iob": 1.3526447121333336, 
  "activity": 0.03491358024691357
}