{
  "bolusiob": 0.048540079999999874, 
  "iob": 1.8306064068452896, 
  "activity": 0.023099824162257504
}