{
  "bolusiob": 0, 
  "iob": 1.8084042437172525, 
  "activity": 0.07086896873015872
}