{
  "bolusiob": 0, 
  "iob": 0.6055975166266667, 
  "activity": 0.02916261022927688
}