{
  "bolusiob": 0, 
  "iob": 0.12705075650666686, 
  "activity": 0.013935097001763666
}