{
  "bolusiob": 0.540129896, 
  "iob": 5.978126801706667, 
  "activity": 0.11237248677248676
}