{
  "bolusiob": 0.811479876248889, 
  "iob": 2.299955227422223, 
  "activity": 0.048742962962962946
}