{
  "bolusiob": 0.7878987534222223, 
  "iob": 2.08697274331111, 
  "activity": 0.026736119929453267
}