{
  "bolusiob": 0, 
  "iob": 1.1404770203192123, 
  "activity": 0.012229726666666664
}