{
  "bolusiob": 0, 
  "iob": 2.068136446566208, 
  "activity": 0.02104909403880069
}