{
  "bolusiob": 0, 
  "iob": 0.05870788212273455, 
  "activity": 0.004026113844797177
}