{
  "bolusiob": 0, 
  "iob": 0.003415695359999704, 
  "activity": 0.002584126984126984
}