{
  "bolusiob": 0, 
  "iob": 1.6500675408911112, 
  "activity": 0.03427167548500881
}