{
  "bolusiob": 0.17780065632000053, 
  "iob": 3.02368468808, 
  "activity": 0.06136296296296295
}