{
  "bolusiob": 0.0058328183466664464, 
  "iob": 1.9462433472533338, 
  "activity": 0.04375167548500882
}