{
  "bolusiob": 0, 
  "iob": 0.9136851708399997, 
  "activity": 0.038101587301587296
}