{
  "bolusiob": 0, 
  "iob": 1.1324324619336112, 
  "activity": 0.013418518518518515
}