{
  "bolusiob": 1.1905184533333333, 
  "iob": 1.9617550756033333, 
  "activity": 0.024242857142857135
}