{
  "bolusiob": 0, 
  "iob": 1.640270609860278, 
  "activity": 0.014340987654320984
}