{
  "bolusiob": 0, 
  "iob": 0.1333248322876478, 
  "activity": 0.006626762610229275
}