{
  "bolusiob": 0, 
  "iob": 1.1508122434677779, 
  "activity": 0.024865855379188707
}