{
  "bolusiob": 1.5088114520000002, 
  "iob": 3.1831272442499996, 
  "activity": 0.05389947089947088
}