{
  "bolusiob": 2.4328853720000003, 
  "iob": 4.76399317425, 
  "activity": 0.06532804232804233
}