{
  "bolusiob": 4.223558922880001, 
  "iob": 4.432200022136288, 
  "activity": 0.012047080070546735
}