{
  "bolusiob": 0, 
  "iob": 1.2694839338000001, 
  "activity": 0.04176719576719576
}