{
  "bolusiob": 0, 
  "iob": 1.087477939226667, 
  "activity": 0.03863350970017636
}