{
  "bolusiob": 0, 
  "iob": 1.5735073787733336, 
  "activity": 0.04100557319223985
}