{
  "bolusiob": 0, 
  "iob": 0.143688818186666, 
  "activity": 0.02261869488536153
}