{
  "bolusiob": 0, 
  "iob": 0.07137028514965191, 
  "activity": 0.004504118253968252
}