{
  "bolusiob": 0, 
  "iob": 0.6911606750266663, 
  "activity": 0.031067372134038786
}