{
  "bolusiob": 2.5575906081600004, 
  "iob": 3.286649749666667, 
  "activity": 0.04449033509700176
}