{
  "bolusiob": 3.1136628952, 
  "iob": 5.229258222133334, 
  "activity": 0.034859259259259257
}