{
  "bolusiob": 0, 
  "iob": 0.02471623490666606, 
  "activity": 0.006316049382716041
}