{
  "bolusiob": 0, 
  "iob": 0.04653051116333347, 
  "activity": 0.0018929453262786582
}