{
  "bolusiob": 0, 
  "iob": 0.877897702029294, 
  "activity": 0.019872381322751324
}