{
  "bolusiob": 0, 
  "iob": 1.8027032207711116, 
  "activity": 0.04892555555555555
}