{
  "bolusiob": 0.22150300700000003, 
  "iob": 1.6159556617933335, 
  "activity": 0.03002416225749558
}