{
  "bolusiob": 0, 
  "iob": 0.34093117089969166, 
  "activity": 0.0011279552777777777
}