{
  "bolusiob": 0.12260937500000008, 
  "iob": 1.482378820264445, 
  "activity": 0.030653932980599638
}