{
  "bolusiob": -0.0009135432533334598, 
  "iob": 1.8205783968533338, 
  "activity": 0.04235485008818342
}