{
  "bolusiob": 2.0008304085333335, 
  "iob": 5.171533090133333, 
  "activity": 0.07346666666666665
}