{
  "bolusiob": 0, 
  "iob": 2.1972428615200004, 
  "activity": 0.05253333333333333
}