{
  "bolusiob": 0, 
  "iob": 1.1842229514088893, 
  "activity": 0.03650342151675484
}