{
  "bolusiob": 0, 
  "iob": 0.8956781568000001, 
  "activity": 0.028613756613756605
}