{
  "bolusiob": 1.5324424987066667, 
  "iob": 2.433776439315556, 
  "activity": 0.029266701940035268
}