{
  "bolusiob": 0, 
  "iob": 1.6984415637200005, 
  "activity": 0.04095026455026454
}