{
  "bolusiob": 0.6616297546666667, 
  "iob": 2.2999401248888893, 
  "activity": 0.046273368606701934
}