{
  "bolusiob": 0, 
  "iob": 0.2324509266788888, 
  "activity": 0.004403703703703701
}