{
  "bolusiob": 0, 
  "iob": 1.2934668320133336, 
  "activity": 0.03800564373897707
}