{
  "bolusiob": 0.7785442432, 
  "iob": 2.9028574208, 
  "activity": 0.0346074074074074
}