{
  "bolusiob": 0, 
  "iob": 0.15175282805999993, 
  "activity": 0.01525185185185184
}