{
  "bolusiob": 0, 
  "iob": 0.00915424692850575, 
  "activity": 0.0014290306878306863
}