{
  "bolusiob": 0, 
  "iob": 1.8715188334158315, 
  "activity": 0.02524928788359788
}