{
  "bolusiob": 3.2249397734399996, 
  "iob": 3.4303930721933327, 
  "activity": 0.017851358024691347
}