{
  "bolusiob": 2.24630148864, 
  "iob": 3.0161442209933327, 
  "activity": 0.016886278659611988
}