{
  "bolusiob": 0, 
  "iob": 1.4142073178602783, 
  "activity": 0.015436225749559085
}