{
  "bolusiob": 0, 
  "iob": 0.7430159064111114, 
  "activity": 0.03405246913580247
}