{
  "bolusiob": 0.14517092000000006, 
  "iob": 1.6374347497043862, 
  "activity": 0.02183287492063491
}