{
  "bolusiob": 0.6781367108266667, 
  "iob": 2.5360614239155566, 
  "activity": 0.044859823633156964
}