{
  "bolusiob": 0.03807658722666685, 
  "iob": 2.0403258579190533, 
  "activity": 0.039594727813051143
}