{
  "bolusiob": 0, 
  "iob": -0.7109223795202229, 
  "activity": -0.002511510846560846
}