{
  "bolusiob": 0, 
  "iob": -0.3510873249977777, 
  "activity": -0.001198271604938271
}