{
  "bolusiob": 4.035122816, 
  "iob": 5.825405823890001, 
  "activity": 0.04367142857142857
}