{
  "bolusiob": 2.2956174297600005, 
  "iob": 2.93171668544, 
  "activity": 0.03733206349206346
}