{
  "bolusiob": 0, 
  "iob": 0.011591121920000093, 
  "activity": 0.0024380952380952366
}