{
  "bolusiob": 0, 
  "iob": 0.9406449940000001, 
  "activity": 0.009044444444444445
}