{
  "bolusiob": 0.23758847680000003, 
  "iob": 1.5171589946093602, 
  "activity": 0.02096317485008818
}