{
  "bolusiob": 0, 
  "iob": 0.4307605411752965, 
  "activity": 0.015154671693121687
}