{
  "bolusiob": 1.6126877882133335, 
  "iob": 3.5996041298311114, 
  "activity": 0.030713086419753084
}