{
  "bolusiob": 0, 
  "iob": 0.2617692917111114, 
  "activity": 0.019582045855379183
}