{
  "bolusiob": 0, 
  "iob": 0.3211637695866666, 
  "activity": 0.02156472663139329
}