{
  "bolusiob": 0, 
  "iob": 0.15119991030992463, 
  "activity": 0.007359937830687829
}