{
  "bolusiob": 0, 
  "iob": 3.514041913707438, 
  "activity": 0.09067548901234566
}