{
  "bolusiob": 0, 
  "iob": 0.73972784696469, 
  "activity": 0.020706335185185176
}