{
  "bolusiob": 0.4934234584933334, 
  "iob": 1.787259553822222, 
  "activity": 0.04026042328042327
}