{
  "bolusiob": 0, 
  "iob": 1.4609907671558333, 
  "activity": 0.015215961199294534
}