{
  "bolusiob": 0, 
  "iob": 0.39502058291666664, 
  "activity": 0.02294091710758376
}