{
  "bolusiob": 0, 
  "iob": 0.8476230897761143, 
  "activity": 0.02194713624338624
}