{
  "bolusiob": 0, 
  "iob": 0.032904706559999775, 
  "activity": 0.005726984126984128
}