{
  "bolusiob": 1.8075020119999998, 
  "iob": 3.50775658425, 
  "activity": 0.056439153439153435
}