{
  "bolusiob": 0, 
  "iob": 0.022799903488888912, 
  "activity": 0.014141305114638441
}