{
  "bolusiob": 0.01163251136000014, 
  "iob": 2.0253005853563466, 
  "activity": 0.038495672839506175
}