{
  "bolusiob": 0, 
  "iob": 0.09306805758666661, 
  "activity": 0.01204091710758377
}