{
  "bolusiob": 1.187947017, 
  "iob": 2.87374030425, 
  "activity": 0.05135978835978834
}