{
  "bolusiob": 0, 
  "iob": 0.7383991558666665, 
  "activity": 0.026081128747795404
}