{
  "bolusiob": 0.30468215075999994, 
  "iob": 1.4674126165066665, 
  "activity": 0.03385139329805995
}