{
  "bolusiob": 2.61471517776, 
  "iob": 3.417720944866667, 
  "activity": 0.04684589065255731
}