{
  "bolusiob": 0, 
  "iob": 2.1991197112000003, 
  "activity": 0.05445502645502645
}