{
  "bolusiob": -0.0001463334400000127, 
  "iob": 2.0140305990805665, 
  "activity": 0.03744493128747795
}