{
  "bolusiob": 0.12857486933333337, 
  "iob": 0.5601470684444445, 
  "activity": 0.007249382716049382
}