{
  "bolusiob": 4.302594315164445, 
  "iob": 4.469422706650812, 
  "activity": 0.01058415238095238
}