{
  "bolusiob": 0, 
  "iob": -0.16725966313553414, 
  "activity": -0.0009730608112874777
}