{
  "bolusiob": 0, 
  "iob": 1.551816509060278, 
  "activity": 0.014779082892416216
}