{
  "bolusiob": -0.0009446233599998521, 
  "iob": 2.8733477601600006, 
  "activity": 0.06612910052910052
}