{
  "bolusiob": 0.8680675166666665, 
  "iob": 3.5515790944444436, 
  "activity": 0.04450617283950616
}