{
  "bolusiob": 4.711777383537778, 
  "iob": 6.238946164551112, 
  "activity": 0.03119604938271604
}