{
  "bolusiob": 0.126307632533333, 
  "iob": 2.158349261466667, 
  "activity": 0.04381657848324515
}