{
  "bolusiob": 0.5658362872933335, 
  "iob": 1.905888540222222, 
  "activity": 0.042381058201058176
}