{
  "bolusiob": 3.04933017344, 
  "iob": 3.6076380843049995, 
  "activity": 0.01577507936507936
}