{
  "bolusiob": 0.027760520000000066, 
  "iob": 1.9130313678085036, 
  "activity": 0.02267373971781306
}