{
  "bolusiob": 2.585990416000001, 
  "iob": 5.102066601890001, 
  "activity": 0.05049682539682539
}