{
  "bolusiob": 0, 
  "iob": 0.049218003560000056, 
  "activity": 0.006786243386243383
}