{
  "bolusiob": 0, 
  "iob": 1.7823316596886118, 
  "activity": 0.029642601410934735
}