{
  "bolusiob": 0, 
  "iob": 0.17675582495999986, 
  "activity": 0.01201269841269841
}