{
  "bolusiob": 0, 
  "iob": 0.6679835289600001, 
  "activity": 0.022488888888888885
}