{
  "bolusiob": 2.319718912, 
  "iob": 4.382929658999999, 
  "activity": 0.06276719576719575
}