{
  "bolusiob": 0, 
  "iob": 1.042614073375, 
  "activity": 0.009861111111111112
}