{
  "bolusiob": 0, 
  "iob": -0.0006108185600003147, 
  "activity": 0.0007449735449735471
}