{
  "bolusiob": 0, 
  "iob": 0.23986328214000033, 
  "activity": 0.018750264550264552
}