{
  "bolusiob": 3.9460971760000003, 
  "iob": 4.712957594000001, 
  "activity": 0.01885185185185185
}