{
  "bolusiob": 0, 
  "iob": 1.7199264500663896, 
  "activity": 0.030453853615520273
}