{
  "bolusiob": 0, 
  "iob": 1.4607980038666666, 
  "activity": 0.03623985890652556
}