{
  "bolusiob": 0, 
  "iob": 0.8531827529084454, 
  "activity": 0.015599149417989417
}