{
  "bolusiob": 2.4302362022399997, 
  "iob": 3.0666567593933336, 
  "activity": 0.017006913580246915
}