{
  "bolusiob": 0, 
  "iob": 0.032731014139999993, 
  "activity": 0.008009523809523815
}