{
  "bolusiob": 0, 
  "iob": 0.07709291303999999, 
  "activity": 0.014480423280423288
}