{
  "bolusiob": 0.10180489215999994, 
  "iob": 0.5367113830400001, 
  "activity": 0.007608888888888888
}