{
  "bolusiob": -0.0008231594666665565, 
  "iob": 1.6776146234666667, 
  "activity": 0.03875837742504409
}