{
  "bolusiob": 0, 
  "iob": 2.222836052446318, 
  "activity": 0.021385345396825416
}