{
  "bolusiob": 4.2647943342933345, 
  "iob": 9.031733976462224, 
  "activity": 0.07900049382716048
}