{
  "bolusiob": 3.7663600885333333, 
  "iob": 5.403568462133333, 
  "activity": 0.03041481481481481
}