{
  "bolusiob": 0, 
  "iob": 0.002709519706666397, 
  "activity": 0.001808112874779542
}