{
  "bolusiob": 0, 
  "iob": 1.1746710798482312, 
  "activity": 0.022053396402116395
}