{
  "bolusiob": 0.5742768288, 
  "iob": 1.5272039366433336, 
  "activity": 0.019550088183421514
}