{
  "bolusiob": 0, 
  "iob": 0.9034146896133337, 
  "activity": 0.03231040564373898
}