{
  "bolusiob": 0.009091478879999927, 
  "iob": 1.8717277776177779, 
  "activity": 0.04393118165784832
}