{
  "bolusiob": 0, 
  "iob": 0.8381453032511111, 
  "activity": 0.035825802469135797
}