{
  "bolusiob": 0, 
  "iob": 0.25909906812292455, 
  "activity": 0.004838009929453262
}