{
  "bolusiob": 0, 
  "iob": -0.5818055112245127, 
  "activity": -0.0018074109171075832
}