{
  "bolusiob": 2.5164219352, 
  "iob": 5.032723982133334, 
  "activity": 0.039303703703703695
}