{
  "bolusiob": 1.0462178526666668, 
  "iob": 4.099912067137778, 
  "activity": 0.05867971781305113
}