{
  "bolusiob": 0.9165845349999999, 
  "iob": 2.2235857915199992, 
  "activity": 0.0347764373897707
}