{
  "bolusiob": 0, 
  "iob": 1.725057103584723, 
  "activity": 0.024259754074074085
}