{
  "bolusiob": 0, 
  "iob": 0.10654983685333316, 
  "activity": 0.014506596119929448
}