{
  "bolusiob": 0, 
  "iob": 0.29088000358999994, 
  "activity": 0.015149735449735443
}