{
  "bolusiob": 0, 
  "iob": 1.6259916028377748, 
  "activity": 0.013935650194003526
}