{
  "bolusiob": 0, 
  "iob": 0.03537743841333368, 
  "activity": 0.011510405643738982
}