{
  "bolusiob": 0, 
  "iob": 1.623642370186667, 
  "activity": 0.06854462081128747
}