{
  "bolusiob": 0, 
  "iob": 1.8467309509234602, 
  "activity": 0.025762758447971785
}