{
  "bolusiob": 0.10724528, 
  "iob": 1.7198351251683552, 
  "activity": 0.022362346014109337
}