{
  "bolusiob": 1.6656534222222221, 
  "iob": 3.344438421222222, 
  "activity": 0.05517636684303351
}