{
  "bolusiob": 0, 
  "iob": 0.2553872353466652, 
  "activity": 0.029113932980599624
}