{
  "bolusiob": 0, 
  "iob": 0.09989162944511909, 
  "activity": 2.989901234567901e-05
}