{
  "bolusiob": 0, 
  "iob": 0.38307657695999997, 
  "activity": 0.01725079365079365
}