{
  "bolusiob": 0, 
  "iob": 1.2414214785607933, 
  "activity": 0.013550053033509696
}