{
  "bolusiob": 4.352481048533334, 
  "iob": 5.555654702133334, 
  "activity": 0.025970370370370362
}