{
  "bolusiob": 0, 
  "iob": 0.11473399816267028, 
  "activity": 0.006096912081128746
}