{
  "bolusiob": 0.026522179306666695, 
  "iob": 0.43423916749333336, 
  "activity": 0.008788712522045853
}