{
  "bolusiob": 0.6581793647999999, 
  "iob": 1.5861080450433334, 
  "activity": 0.01929611992945326
}