{
  "bolusiob": 0.07470921279999998, 
  "iob": 1.7996156733813227, 
  "activity": 0.022960741199294525
}