{
  "bolusiob": 0.07323364213333328, 
  "iob": 2.0361300838666665, 
  "activity": 0.04258906525573192
}