{
  "bolusiob": 0, 
  "iob": 1.367023443460278, 
  "activity": 0.015655273368606705
}