{
  "bolusiob": 1.1954618393333336, 
  "iob": 3.772705425111111, 
  "activity": 0.040827160493827154
}